-- MySQL dump 10.13  Distrib 5.7.21, for Linux (x86_64)
--
-- Host: localhost    Database: soap
-- ------------------------------------------------------
-- Server version	5.7.21-0ubuntu0.16.04.1

/*!40101 SET @OLD_CHARACTER_SET_CLIENT=@@CHARACTER_SET_CLIENT */;
/*!40101 SET @OLD_CHARACTER_SET_RESULTS=@@CHARACTER_SET_RESULTS */;
/*!40101 SET @OLD_COLLATION_CONNECTION=@@COLLATION_CONNECTION */;
/*!40101 SET NAMES utf8 */;
/*!40103 SET @OLD_TIME_ZONE=@@TIME_ZONE */;
/*!40103 SET TIME_ZONE='+00:00' */;
/*!40014 SET @OLD_UNIQUE_CHECKS=@@UNIQUE_CHECKS, UNIQUE_CHECKS=0 */;
/*!40014 SET @OLD_FOREIGN_KEY_CHECKS=@@FOREIGN_KEY_CHECKS, FOREIGN_KEY_CHECKS=0 */;
/*!40101 SET @OLD_SQL_MODE=@@SQL_MODE, SQL_MODE='NO_AUTO_VALUE_ON_ZERO' */;
/*!40111 SET @OLD_SQL_NOTES=@@SQL_NOTES, SQL_NOTES=0 */;

--
-- Table structure for table `days`
--

DROP TABLE IF EXISTS `days`;
/*!40101 SET @saved_cs_client     = @@character_set_client */;
/*!40101 SET character_set_client = utf8 */;
CREATE TABLE `days` (
  `id` int(10) unsigned NOT NULL AUTO_INCREMENT,
  `student_id` int(10) unsigned NOT NULL,
  `day` date NOT NULL,
  `arrived_at` time DEFAULT NULL,
  `leaved_at` time DEFAULT NULL,
  `created_at` timestamp NULL DEFAULT NULL,
  `updated_at` timestamp NULL DEFAULT NULL,
  `difference` double NOT NULL DEFAULT '0',
  `excused` tinyint(1) NOT NULL DEFAULT '0',
  `reason` varchar(255) COLLATE utf8mb4_unicode_ci NOT NULL DEFAULT '',
  PRIMARY KEY (`id`),
  KEY `days_student_id_foreign` (`student_id`),
  CONSTRAINT `days_student_id_foreign` FOREIGN KEY (`student_id`) REFERENCES `students` (`id`) ON DELETE CASCADE
) ENGINE=InnoDB AUTO_INCREMENT=528 DEFAULT CHARSET=utf8mb4 COLLATE=utf8mb4_unicode_ci;
/*!40101 SET character_set_client = @saved_cs_client */;

--
-- Dumping data for table `days`
--

LOCK TABLES `days` WRITE;
/*!40000 ALTER TABLE `days` DISABLE KEYS */;
INSERT INTO `days` VALUES (348,16,'2018-05-31','10:42:00','20:00:00','2018-05-31 16:46:11','2018-06-01 11:07:02',-3,0,''),(350,18,'2018-05-31','10:42:00','16:34:00','2018-05-31 16:46:11','2018-06-01 11:07:02',-21,0,''),(351,19,'2018-05-31','10:15:00','16:34:00','2018-05-31 16:46:11','2018-06-01 11:07:02',-7.5,0,''),(352,20,'2018-05-31','09:59:00','16:32:00','2018-05-31 16:46:11','2018-06-01 11:07:02',0,0,''),(353,21,'2018-05-31','09:59:00','17:03:00','2018-05-31 16:46:11','2018-06-01 11:07:02',0,0,''),(354,22,'2018-05-31','10:14:00','20:00:00','2018-05-31 16:46:11','2018-06-01 11:07:02',11,0,''),(355,23,'2018-05-31','08:30:00','16:31:00','2018-05-31 16:46:11','2018-06-01 11:07:02',9,0,''),(356,24,'2018-05-31','08:20:00','16:34:00','2018-05-31 16:46:11','2018-06-01 11:07:02',12,0,''),(357,25,'2018-05-31','09:34:00','16:50:00','2018-05-31 16:46:11','2018-06-01 11:07:02',0,0,''),(358,26,'2018-05-31','12:30:00','18:03:00','2018-05-31 16:46:11','2018-06-01 11:07:02',-50,0,''),(359,27,'2018-05-31','10:42:00','16:42:00','2018-05-31 16:46:11','2018-06-01 11:07:03',-21,0,''),(360,28,'2018-05-31','08:15:00','16:31:00','2018-05-31 16:46:11','2018-06-01 11:07:03',13.5,0,''),(361,29,'2018-05-31','10:10:00','16:42:00','2018-05-31 16:46:11','2018-06-01 11:07:03',-5,0,''),(362,30,'2018-05-31','11:44:00','18:01:00','2018-05-31 16:46:11','2018-06-01 11:07:03',-50,0,''),(363,31,'2018-05-31','10:16:00','20:00:00','2018-05-31 16:46:11','2018-06-01 11:07:03',10,0,''),(364,32,'2018-05-31',NULL,NULL,'2018-05-31 16:46:11','2018-06-01 11:07:03',-100,0,''),(365,33,'2018-05-31','08:10:00','16:42:00','2018-05-31 16:46:11','2018-06-01 11:07:03',15,0,''),(366,34,'2018-05-31','09:59:00','16:31:00','2018-05-31 16:46:11','2018-06-01 11:07:03',0,0,''),(367,35,'2018-05-31','11:45:00','16:31:00','2018-05-31 16:46:12','2018-06-01 11:07:03',-50,0,''),(368,36,'2018-05-31','09:31:00','17:59:00','2018-05-31 16:46:12','2018-06-01 11:07:03',0,0,''),(369,37,'2018-05-31','09:42:00','16:59:00','2018-05-31 16:46:12','2018-06-01 11:07:03',0,0,''),(371,39,'2018-05-31','08:42:00','16:31:00','2018-05-31 16:46:12','2018-06-01 11:07:03',5.3999999999999995,0,''),(372,40,'2018-05-31','10:44:00','18:02:00','2018-05-31 16:46:12','2018-06-01 11:07:03',-22,0,''),(373,41,'2018-05-31','10:20:00','20:00:00','2018-05-31 16:46:12','2018-06-01 11:07:03',8,0,''),(374,42,'2018-05-31','14:00:00','16:38:00','2018-05-31 16:46:12','2018-06-01 11:07:03',-50,0,''),(376,44,'2018-05-31','13:40:00','20:00:00','2018-05-31 16:46:12','2018-06-01 11:07:03',-32,0,''),(378,46,'2018-05-31','08:00:00','16:34:00','2018-05-31 16:46:12','2018-06-01 11:07:03',18,0,''),(379,47,'2018-05-31','09:38:00','17:15:00','2018-05-31 16:46:12','2018-06-01 11:07:03',0,0,''),(380,48,'2018-05-31','09:31:00','16:35:00','2018-05-31 16:46:12','2018-06-01 11:07:03',0,0,''),(381,49,'2018-05-31','10:07:00','17:09:00','2018-05-31 16:46:12','2018-06-01 11:07:03',-3.5,0,''),(382,50,'2018-05-31','10:45:00','16:31:00','2018-05-31 16:46:12','2018-06-01 11:07:03',-22.5,0,''),(383,51,'2018-05-31','09:38:00','16:31:00','2018-05-31 16:46:12','2018-06-01 11:07:03',0,0,''),(384,52,'2018-05-31','09:47:00','18:01:00','2018-05-31 16:46:12','2018-06-01 11:07:03',0,0,''),(385,53,'2018-05-31','09:59:00','18:00:00','2018-05-31 16:46:12','2018-06-01 11:07:03',0,0,''),(386,54,'2018-05-31','10:08:00','16:32:00','2018-05-31 16:46:12','2018-06-01 11:07:03',-4,0,''),(387,55,'2018-05-31','09:00:00','16:32:00','2018-05-31 16:46:12','2018-06-01 11:07:03',0,0,''),(388,56,'2018-05-31','12:00:00','18:00:00','2018-05-31 16:46:12','2018-06-01 11:07:03',-50,0,''),(389,57,'2018-05-31','11:24:00','20:00:00','2018-05-31 16:46:12','2018-06-01 11:07:03',-24,0,''),(390,58,'2018-05-31','10:28:00','16:53:00','2018-05-31 16:46:12','2018-06-01 11:07:03',-14,0,''),(391,59,'2018-05-31','09:30:00','20:00:00','2018-05-31 16:46:12','2018-06-01 11:07:03',18,0,''),(392,60,'2018-05-31','10:23:00','18:00:00','2018-05-31 16:46:12','2018-06-01 11:07:03',-11.5,0,''),(393,61,'2018-05-31','10:12:00','16:34:00','2018-05-31 16:46:12','2018-06-01 11:07:03',-6,0,''),(394,16,'2018-06-01','09:25:14','20:00:00','2018-06-01 06:10:57','2018-06-04 09:59:48',18,0,''),(395,18,'2018-06-01','10:58:00','16:30:00','2018-06-01 06:10:57','2018-06-04 09:59:48',-29,0,''),(396,19,'2018-06-01','09:59:00','17:17:00','2018-06-01 06:10:57','2018-06-04 09:59:48',0,0,''),(397,20,'2018-06-01',NULL,NULL,'2018-06-01 06:10:57','2018-06-04 10:10:01',-150,0,''),(398,21,'2018-06-01','09:59:32','17:00:00','2018-06-01 06:10:57','2018-06-04 09:59:48',0,0,''),(399,22,'2018-06-01','09:59:00','20:00:00','2018-06-01 06:10:57','2018-06-04 09:59:48',18,0,''),(400,23,'2018-06-01',NULL,NULL,'2018-06-01 06:10:57','2018-06-04 10:10:01',-150,0,''),(401,24,'2018-06-01','08:23:10','16:36:00','2018-06-01 06:10:57','2018-06-04 09:59:48',10.799999999999999,0,''),(402,25,'2018-06-01','09:33:17','18:17:00','2018-06-01 06:10:57','2018-06-04 09:59:48',0,0,''),(403,26,'2018-06-01',NULL,NULL,'2018-06-01 06:10:57','2018-06-04 10:10:01',-150,0,''),(404,27,'2018-06-01',NULL,NULL,'2018-06-01 06:10:57','2018-06-04 10:10:01',-150,0,''),(405,28,'2018-06-01','08:23:06','16:30:00','2018-06-01 06:10:57','2018-06-04 09:59:48',10.799999999999999,0,''),(406,29,'2018-06-01','10:11:48','16:56:00','2018-06-01 06:10:57','2018-06-04 09:59:48',-5.5,0,''),(407,30,'2018-06-01','10:58:15','20:00:00','2018-06-01 06:10:57','2018-06-04 09:59:48',-11,0,''),(408,31,'2018-06-01','09:45:56','16:34:00','2018-06-01 06:10:57','2018-06-04 09:59:48',0,0,''),(409,32,'2018-06-01',NULL,NULL,'2018-06-01 06:10:57','2018-06-04 09:59:48',-100,0,''),(410,33,'2018-06-01','08:30:00','16:57:00','2018-06-01 06:10:57','2018-06-04 09:59:48',9,0,''),(411,34,'2018-06-01','09:59:43','16:56:00','2018-06-01 06:10:57','2018-06-04 09:59:48',0,0,''),(412,35,'2018-06-01','10:50:00','20:00:00','2018-06-01 06:10:57','2018-06-04 09:59:48',-7,0,''),(413,36,'2018-06-01','11:50:00','17:03:00','2018-06-01 06:10:57','2018-06-04 09:59:48',-50,0,''),(414,37,'2018-06-01','09:47:59','16:35:00','2018-06-01 06:10:57','2018-06-04 09:59:48',0,0,''),(415,39,'2018-06-01','09:53:17','16:36:00','2018-06-01 06:10:57','2018-06-04 09:59:48',0,0,''),(416,40,'2018-06-01','12:13:00','20:00:00','2018-06-01 06:10:58','2018-06-04 09:59:48',-32,0,''),(417,41,'2018-06-01','10:11:57','20:00:00','2018-06-01 06:10:58','2018-06-04 09:59:48',12.5,0,''),(418,42,'2018-06-01','09:46:03','16:33:00','2018-06-01 06:10:58','2018-06-04 09:59:48',0,0,''),(419,44,'2018-06-01','08:06:00','20:00:00','2018-06-01 06:10:58','2018-06-04 09:59:48',34.2,0,''),(420,46,'2018-06-01',NULL,NULL,'2018-06-01 06:10:58','2018-06-04 09:59:48',-100,0,''),(421,47,'2018-06-01','09:45:59','17:22:00','2018-06-01 06:10:58','2018-06-04 09:59:48',0,0,''),(422,48,'2018-06-01','10:03:50','16:56:00','2018-06-01 06:10:58','2018-06-04 09:59:48',-1.5,0,''),(423,49,'2018-06-01',NULL,NULL,'2018-06-01 06:10:58','2018-06-04 10:10:01',-150,0,''),(424,50,'2018-06-01',NULL,NULL,'2018-06-01 06:10:58','2018-06-04 10:10:01',-150,0,''),(425,51,'2018-06-01','09:32:55','16:33:00','2018-06-01 06:10:58','2018-06-04 09:59:49',0,0,''),(426,52,'2018-06-01','09:42:45','20:00:00','2018-06-01 06:10:58','2018-06-04 09:59:49',18,0,''),(427,53,'2018-06-01','09:33:13','16:32:00','2018-06-01 06:10:58','2018-06-04 09:59:49',0,0,''),(428,54,'2018-06-01','09:59:08','20:00:00','2018-06-01 06:10:58','2018-06-04 09:59:49',18,0,''),(429,55,'2018-06-01','09:36:17','16:30:00','2018-06-01 06:10:58','2018-06-04 09:59:49',0,0,''),(430,56,'2018-06-01','09:47:54','16:33:00','2018-06-01 06:10:58','2018-06-04 09:59:49',0,0,''),(431,57,'2018-06-01','13:19:10','20:00:00','2018-06-01 06:10:58','2018-06-04 09:59:49',-32,0,''),(432,58,'2018-06-01',NULL,NULL,'2018-06-01 06:10:58','2018-06-04 10:10:01',-150,0,''),(433,59,'2018-06-01','10:04:23','16:56:00','2018-06-01 06:10:58','2018-06-04 09:59:49',-2,0,''),(434,60,'2018-06-01','10:03:54','16:30:00','2018-06-01 06:10:58','2018-06-04 09:59:49',-1.5,0,''),(435,61,'2018-06-01','10:15:01','17:31:00','2018-06-01 06:10:58','2018-06-04 09:59:49',-7.5,0,''),(436,16,'1999-01-01',NULL,NULL,'2018-05-31 16:46:11','2018-06-01 06:40:16',-73,0,''),(437,18,'1999-01-01',NULL,NULL,'2018-05-31 16:46:11','2018-06-01 06:40:16',-443,0,''),(438,19,'1999-01-01',NULL,NULL,'2018-05-31 16:46:11','2018-06-01 06:40:16',-910.5,0,''),(439,20,'1999-01-01',NULL,NULL,'2018-05-31 16:46:11','2018-06-01 06:40:16',-382,0,''),(440,21,'1999-01-01',NULL,NULL,'2018-05-31 16:46:11','2018-06-01 06:40:16',-374,0,''),(441,22,'1999-01-01',NULL,NULL,'2018-05-31 16:46:11','2018-06-01 06:40:16',-711,0,''),(442,23,'1999-01-01',NULL,NULL,'2018-05-31 16:46:11','2018-06-01 06:40:16',-731,0,''),(443,24,'1999-01-01',NULL,NULL,'2018-05-31 16:46:11','2018-06-01 06:40:16',0,0,''),(444,25,'1999-01-01',NULL,NULL,'2018-05-31 16:46:11','2018-06-01 06:40:16',-904,0,''),(445,26,'1999-01-01',NULL,NULL,'2018-05-31 16:46:11','2018-06-01 06:40:16',-950,0,''),(446,27,'1999-01-01',NULL,NULL,'2018-05-31 16:46:11','2018-06-01 06:40:16',-735,0,''),(447,28,'1999-01-01',NULL,NULL,'2018-05-31 16:46:11','2018-06-01 06:40:16',-346.5,0,''),(448,29,'1999-01-01',NULL,NULL,'2018-05-31 16:46:11','2018-06-01 06:40:16',-516,0,''),(449,30,'1999-01-01',NULL,NULL,'2018-05-31 16:46:11','2018-06-01 06:40:16',-619,0,''),(450,31,'1999-01-01',NULL,NULL,'2018-05-31 16:46:11','2018-06-01 06:41:00',-551,0,''),(451,32,'1999-01-01',NULL,NULL,'2018-05-31 16:46:11','2018-06-01 06:40:16',-814,0,''),(452,33,'1999-01-01',NULL,NULL,'2018-05-31 16:46:11','2018-06-01 06:40:16',-39,0,''),(453,34,'1999-01-01',NULL,NULL,'2018-05-31 16:46:11','2018-06-01 06:40:16',-875,0,''),(454,35,'1999-01-01',NULL,NULL,'2018-05-31 16:46:12','2018-06-01 06:40:16',-620,0,''),(455,36,'1999-01-01',NULL,NULL,'2018-05-31 16:46:12','2018-06-01 06:40:16',-275,0,''),(456,37,'1999-01-01',NULL,NULL,'2018-05-31 16:46:12','2018-06-01 06:40:16',-755,0,''),(457,39,'1999-01-01',NULL,NULL,'2018-05-31 16:46:12','2018-06-01 06:40:16',-691.4,0,''),(458,40,'1999-01-01',NULL,NULL,'2018-05-31 16:46:12','2018-06-01 06:40:16',-760,0,''),(459,41,'1999-01-01',NULL,NULL,'2018-05-31 16:46:12','2018-06-01 06:41:18',-683,0,''),(460,42,'1999-01-01',NULL,NULL,'2018-05-31 16:46:12','2018-06-01 06:40:16',-147,0,''),(461,44,'1999-01-01',NULL,NULL,'2018-05-31 16:46:12','2018-06-01 06:43:05',-565,0,''),(462,46,'1999-01-01',NULL,NULL,'2018-05-31 16:46:12','2018-06-01 06:40:16',-883,0,''),(463,47,'1999-01-01',NULL,NULL,'2018-05-31 16:46:12','2018-06-01 06:40:16',-82,0,''),(464,48,'1999-01-01',NULL,NULL,'2018-05-31 16:46:12','2018-06-01 06:40:16',-349,0,''),(465,49,'1999-01-01',NULL,NULL,'2018-05-31 16:46:12','2018-06-01 06:40:16',-818.5,0,''),(466,50,'1999-01-01',NULL,NULL,'2018-05-31 16:46:12','2018-06-01 06:40:16',-736.5,0,''),(467,51,'1999-01-01',NULL,NULL,'2018-05-31 16:46:12','2018-06-01 06:40:16',0,0,''),(468,52,'1999-01-01',NULL,NULL,'2018-05-31 16:46:12','2018-06-01 06:40:16',0,0,''),(469,53,'1999-01-01',NULL,NULL,'2018-05-31 16:46:12','2018-06-01 06:40:16',-485,0,''),(470,54,'1999-01-01',NULL,NULL,'2018-05-31 16:46:12','2018-06-01 06:40:16',-790,0,''),(471,55,'1999-01-01',NULL,NULL,'2018-05-31 16:46:12','2018-06-01 06:40:16',-473,0,''),(472,56,'1999-01-01',NULL,NULL,'2018-05-31 16:46:12','2018-06-01 06:40:16',-25,0,''),(473,57,'1999-01-01',NULL,NULL,'2018-05-31 16:46:12','2018-06-01 06:43:05',-775,0,''),(474,58,'1999-01-01',NULL,NULL,'2018-05-31 16:46:12','2018-06-01 06:40:16',-458,0,''),(475,59,'1999-01-01',NULL,NULL,'2018-05-31 16:46:12','2018-06-01 06:43:05',-625,0,''),(476,60,'1999-01-01',NULL,NULL,'2018-05-31 16:46:12','2018-06-01 06:40:16',-675.5,0,''),(478,61,'1999-01-01',NULL,NULL,'2018-05-31 16:46:12','2018-06-01 06:40:17',-164,0,''),(479,16,'2018-06-04','10:59:00',NULL,'2018-06-04 06:55:45','2018-06-04 11:08:49',-29.5,0,''),(480,18,'2018-06-04','10:31:00',NULL,'2018-06-04 06:55:45','2018-06-04 11:08:49',-15.5,0,''),(481,19,'2018-06-04','10:06:00',NULL,'2018-06-04 06:55:45','2018-06-04 11:08:49',-3,0,''),(482,20,'2018-06-04','08:47:00',NULL,'2018-06-04 06:55:45','2018-06-04 11:08:49',3.9,0,''),(483,21,'2018-06-04','09:55:00',NULL,'2018-06-04 06:55:45','2018-06-04 11:08:49',0,0,''),(484,22,'2018-06-04','09:19:00',NULL,'2018-06-04 06:55:45','2018-06-04 11:08:49',0,0,''),(485,23,'2018-06-04','08:34:00',NULL,'2018-06-04 06:55:45','2018-06-04 11:08:49',7.8,0,''),(486,24,'2018-06-04','08:36:00',NULL,'2018-06-04 06:55:45','2018-06-04 11:08:49',7.199999999999999,0,''),(487,25,'2018-06-04','08:36:00',NULL,'2018-06-04 06:55:45','2018-06-04 11:08:49',7.199999999999999,0,''),(488,26,'2018-06-04',NULL,NULL,'2018-06-04 06:55:45','2018-06-04 11:08:49',-50,0,''),(489,27,'2018-06-04',NULL,NULL,'2018-06-04 06:55:45','2018-06-04 11:08:49',-50,0,''),(490,28,'2018-06-04','10:14:00',NULL,'2018-06-04 06:55:45','2018-06-04 11:08:49',-7,0,''),(491,29,'2018-06-04','09:55:00',NULL,'2018-06-04 06:55:45','2018-06-04 11:08:49',0,0,''),(492,30,'2018-06-04','11:22:00',NULL,'2018-06-04 06:55:45','2018-06-04 11:08:49',-41,0,''),(493,31,'2018-06-04','09:55:00',NULL,'2018-06-04 06:55:45','2018-06-04 11:08:49',0,0,''),(494,32,'2018-06-04','09:53:00',NULL,'2018-06-04 06:55:45','2018-06-04 11:08:49',0,0,''),(495,33,'2018-06-04','08:22:00',NULL,'2018-06-04 06:55:46','2018-06-04 11:08:49',11.4,0,''),(496,34,'2018-06-04','10:59:00',NULL,'2018-06-04 06:55:46','2018-06-04 11:08:49',-29.5,0,''),(497,35,'2018-06-04','10:45:00',NULL,'2018-06-04 06:55:46','2018-06-04 11:08:49',-22.5,0,''),(498,36,'2018-06-04','09:03:08',NULL,'2018-06-04 06:55:46','2018-06-04 11:08:49',0,0,''),(499,37,'2018-06-04',NULL,NULL,'2018-06-04 06:55:46','2018-06-04 11:08:49',-50,0,''),(500,39,'2018-06-04','09:36:00',NULL,'2018-06-04 06:55:46','2018-06-04 11:08:49',0,0,''),(501,40,'2018-06-04','10:59:00',NULL,'2018-06-04 06:55:46','2018-06-04 11:08:49',-29.5,0,''),(502,41,'2018-06-04','11:05:00',NULL,'2018-06-04 06:55:46','2018-06-04 11:08:49',-32.5,0,''),(503,42,'2018-06-04','09:16:03',NULL,'2018-06-04 06:55:46','2018-06-04 11:08:49',0,0,''),(504,44,'2018-06-04','08:36:00',NULL,'2018-06-04 06:55:46','2018-06-04 11:08:49',7.199999999999999,0,''),(505,46,'2018-06-04','09:15:33',NULL,'2018-06-04 06:55:46','2018-06-04 11:08:49',0,0,''),(506,47,'2018-06-04','08:00:00',NULL,'2018-06-04 06:55:46','2018-06-04 11:08:49',18,0,''),(507,48,'2018-06-04','09:53:00',NULL,'2018-06-04 06:55:46','2018-06-04 11:08:49',0,0,''),(508,49,'2018-06-04','09:59:00',NULL,'2018-06-04 06:55:46','2018-06-04 11:08:49',0,0,''),(509,50,'2018-06-04','11:30:00',NULL,'2018-06-04 06:55:46','2018-06-04 11:08:49',-45,0,''),(510,51,'2018-06-04','09:55:00',NULL,'2018-06-04 06:55:46','2018-06-04 11:08:49',0,0,''),(511,52,'2018-06-04','09:53:00',NULL,'2018-06-04 06:55:46','2018-06-04 11:08:49',0,0,''),(512,53,'2018-06-04',NULL,NULL,'2018-06-04 06:55:46','2018-06-04 11:08:49',-50,0,''),(513,54,'2018-06-04','10:15:00',NULL,'2018-06-04 06:55:46','2018-06-04 11:08:49',-7.5,0,''),(514,55,'2018-06-04','09:04:26',NULL,'2018-06-04 06:55:46','2018-06-04 11:08:49',0,0,''),(515,56,'2018-06-04',NULL,NULL,'2018-06-04 06:55:46','2018-06-04 11:08:49',-50,0,''),(516,57,'2018-06-04','10:06:00',NULL,'2018-06-04 06:55:46','2018-06-04 11:08:49',-3,0,''),(517,58,'2018-06-04','09:50:00',NULL,'2018-06-04 06:55:46','2018-06-04 11:08:49',0,0,''),(518,59,'2018-06-04','09:55:00',NULL,'2018-06-04 06:55:46','2018-06-04 11:08:49',0,0,''),(519,60,'2018-06-04','10:47:00',NULL,'2018-06-04 06:55:46','2018-06-04 11:08:49',-23.5,0,''),(520,61,'2018-06-04','09:53:00',NULL,'2018-06-04 06:55:46','2018-06-04 11:08:49',0,0,''),(522,63,'2018-06-04',NULL,NULL,'2018-06-04 11:05:11','2018-06-04 11:08:49',-50,0,''),(523,64,'2018-06-04',NULL,NULL,'2018-06-04 11:06:15','2018-06-04 11:08:50',-50,0,''),(524,65,'2018-06-04',NULL,NULL,'2018-06-04 11:06:15','2018-06-04 11:08:50',-50,0,''),(525,63,'1999-01-01',NULL,NULL,'2018-06-04 11:05:11','2018-06-04 11:06:15',-1000,0,''),(526,64,'1999-01-01',NULL,NULL,'2018-06-04 11:06:15','2018-06-04 11:06:15',-1000,0,''),(527,65,'1999-01-01',NULL,NULL,'2018-06-04 11:06:15','2018-06-04 11:06:15',-1000,0,'');
/*!40000 ALTER TABLE `days` ENABLE KEYS */;
UNLOCK TABLES;

--
-- Table structure for table `edit_pangs`
--

DROP TABLE IF EXISTS `edit_pangs`;
/*!40101 SET @saved_cs_client     = @@character_set_client */;
/*!40101 SET character_set_client = utf8 */;
CREATE TABLE `edit_pangs` (
  `id` int(10) unsigned NOT NULL AUTO_INCREMENT,
  `student_id` int(10) unsigned NOT NULL,
  `day` date NOT NULL,
  `quantity` double NOT NULL,
  `reason` varchar(255) COLLATE utf8mb4_unicode_ci NOT NULL,
  `created_at` timestamp NULL DEFAULT NULL,
  `updated_at` timestamp NULL DEFAULT NULL,
  PRIMARY KEY (`id`),
  KEY `edit_pangs_student_id_foreign` (`student_id`),
  CONSTRAINT `edit_pangs_student_id_foreign` FOREIGN KEY (`student_id`) REFERENCES `students` (`id`) ON DELETE CASCADE
) ENGINE=InnoDB AUTO_INCREMENT=31 DEFAULT CHARSET=utf8mb4 COLLATE=utf8mb4_unicode_ci;
/*!40101 SET character_set_client = @saved_cs_client */;

--
-- Dumping data for table `edit_pangs`
--

LOCK TABLES `edit_pangs` WRITE;
/*!40000 ALTER TABLE `edit_pangs` DISABLE KEYS */;
INSERT INTO `edit_pangs` VALUES (24,20,'2018-06-01',-50,'Retard ou absence à un rendez-vous obligatoire','2018-06-04 10:10:01','2018-06-04 10:10:01'),(25,23,'2018-06-01',-50,'Retard ou absence à un rendez-vous obligatoire','2018-06-04 10:10:01','2018-06-04 10:10:01'),(26,26,'2018-06-01',-50,'Retard ou absence à un rendez-vous obligatoire','2018-06-04 10:10:01','2018-06-04 10:10:01'),(27,27,'2018-06-01',-50,'Retard ou absence à un rendez-vous obligatoire','2018-06-04 10:10:01','2018-06-04 10:10:01'),(28,49,'2018-06-01',-50,'Retard ou absence à un rendez-vous obligatoire','2018-06-04 10:10:01','2018-06-04 10:10:01'),(29,50,'2018-06-01',-50,'Retard ou absence à un rendez-vous obligatoire','2018-06-04 10:10:01','2018-06-04 10:10:01'),(30,58,'2018-06-01',-50,'Retard ou absence à un rendez-vous obligatoire','2018-06-04 10:10:01','2018-06-04 10:10:01');
/*!40000 ALTER TABLE `edit_pangs` ENABLE KEYS */;
UNLOCK TABLES;

--
-- Table structure for table `jobs`
--

DROP TABLE IF EXISTS `jobs`;
/*!40101 SET @saved_cs_client     = @@character_set_client */;
/*!40101 SET character_set_client = utf8 */;
CREATE TABLE `jobs` (
  `id` bigint(20) unsigned NOT NULL AUTO_INCREMENT,
  `queue` varchar(255) COLLATE utf8mb4_unicode_ci NOT NULL,
  `payload` longtext COLLATE utf8mb4_unicode_ci NOT NULL,
  `attempts` tinyint(3) unsigned NOT NULL,
  `reserved_at` int(10) unsigned DEFAULT NULL,
  `available_at` int(10) unsigned NOT NULL,
  `created_at` int(10) unsigned NOT NULL,
  PRIMARY KEY (`id`),
  KEY `jobs_queue_index` (`queue`)
) ENGINE=InnoDB DEFAULT CHARSET=utf8mb4 COLLATE=utf8mb4_unicode_ci;
/*!40101 SET character_set_client = @saved_cs_client */;

--
-- Dumping data for table `jobs`
--

LOCK TABLES `jobs` WRITE;
/*!40000 ALTER TABLE `jobs` DISABLE KEYS */;
/*!40000 ALTER TABLE `jobs` ENABLE KEYS */;
UNLOCK TABLES;

--
-- Table structure for table `migrations`
--

DROP TABLE IF EXISTS `migrations`;
/*!40101 SET @saved_cs_client     = @@character_set_client */;
/*!40101 SET character_set_client = utf8 */;
CREATE TABLE `migrations` (
  `id` int(10) unsigned NOT NULL AUTO_INCREMENT,
  `migration` varchar(255) COLLATE utf8mb4_unicode_ci NOT NULL,
  `batch` int(11) NOT NULL,
  PRIMARY KEY (`id`)
) ENGINE=InnoDB AUTO_INCREMENT=39 DEFAULT CHARSET=utf8mb4 COLLATE=utf8mb4_unicode_ci;
/*!40101 SET character_set_client = @saved_cs_client */;

--
-- Dumping data for table `migrations`
--

LOCK TABLES `migrations` WRITE;
/*!40000 ALTER TABLE `migrations` DISABLE KEYS */;
INSERT INTO `migrations` VALUES (27,'2014_10_12_000000_create_users_table',1),(28,'2014_10_12_100000_create_password_resets_table',1),(29,'2018_05_18_162843_create_promos_table',1),(30,'2018_05_18_163045_create_students_table',1),(31,'2018_05_18_163435_create_pangs_table',1),(32,'2018_05_28_115654_create_days_table',1),(33,'2018_05_29_103919_add_difference_to_days_table',1),(34,'2018_05_30_062014_create_pang_settings_table',1),(36,'2018_05_30_104212_add_excuse_to_days',2),(37,'2018_05_31_132822_create_jobs_table',3),(38,'2018_06_04_081218_create_edit_pangs_table',4);
/*!40000 ALTER TABLE `migrations` ENABLE KEYS */;
UNLOCK TABLES;

--
-- Table structure for table `pang_settings`
--

DROP TABLE IF EXISTS `pang_settings`;
/*!40101 SET @saved_cs_client     = @@character_set_client */;
/*!40101 SET character_set_client = utf8 */;
CREATE TABLE `pang_settings` (
  `id` int(10) unsigned NOT NULL AUTO_INCREMENT,
  `morning_early` time NOT NULL DEFAULT '08:00:00',
  `morning_start` time NOT NULL DEFAULT '09:00:00',
  `morning_late` time NOT NULL DEFAULT '10:00:00',
  `morning_end` time NOT NULL DEFAULT '13:30:00',
  `afternoon_start` time NOT NULL DEFAULT '14:30:00',
  `afternoon_leave` time NOT NULL DEFAULT '16:30:00',
  `afternoon_extra` time NOT NULL DEFAULT '19:00:00',
  `afternoon_end` time NOT NULL DEFAULT '20:00:00',
  `earning_pang` double NOT NULL DEFAULT '0.3',
  `losing_pang` double NOT NULL DEFAULT '0.5',
  `absent_loss` int(11) NOT NULL DEFAULT '50',
  `current_promo_id` int(11) NOT NULL DEFAULT '1999',
  `created_at` timestamp NULL DEFAULT NULL,
  `updated_at` timestamp NULL DEFAULT NULL,
  PRIMARY KEY (`id`)
) ENGINE=InnoDB AUTO_INCREMENT=2 DEFAULT CHARSET=utf8mb4 COLLATE=utf8mb4_unicode_ci;
/*!40101 SET character_set_client = @saved_cs_client */;

--
-- Dumping data for table `pang_settings`
--

LOCK TABLES `pang_settings` WRITE;
/*!40000 ALTER TABLE `pang_settings` DISABLE KEYS */;
INSERT INTO `pang_settings` VALUES (1,'08:00:00','09:00:00','10:00:00','13:30:00','14:30:00','16:30:00','19:00:00','20:00:00',0.3,0.5,50,1,'2018-05-30 08:08:29','2018-05-30 08:08:29');
/*!40000 ALTER TABLE `pang_settings` ENABLE KEYS */;
UNLOCK TABLES;

--
-- Table structure for table `password_resets`
--

DROP TABLE IF EXISTS `password_resets`;
/*!40101 SET @saved_cs_client     = @@character_set_client */;
/*!40101 SET character_set_client = utf8 */;
CREATE TABLE `password_resets` (
  `email` varchar(255) COLLATE utf8mb4_unicode_ci NOT NULL,
  `token` varchar(255) COLLATE utf8mb4_unicode_ci NOT NULL,
  `created_at` timestamp NULL DEFAULT NULL,
  KEY `password_resets_email_index` (`email`)
) ENGINE=InnoDB DEFAULT CHARSET=utf8mb4 COLLATE=utf8mb4_unicode_ci;
/*!40101 SET character_set_client = @saved_cs_client */;

--
-- Dumping data for table `password_resets`
--

LOCK TABLES `password_resets` WRITE;
/*!40000 ALTER TABLE `password_resets` DISABLE KEYS */;
/*!40000 ALTER TABLE `password_resets` ENABLE KEYS */;
UNLOCK TABLES;

--
-- Table structure for table `promos`
--

DROP TABLE IF EXISTS `promos`;
/*!40101 SET @saved_cs_client     = @@character_set_client */;
/*!40101 SET character_set_client = utf8 */;
CREATE TABLE `promos` (
  `id` int(10) unsigned NOT NULL AUTO_INCREMENT,
  `name` varchar(255) COLLATE utf8mb4_unicode_ci NOT NULL,
  `created_at` timestamp NULL DEFAULT NULL,
  `updated_at` timestamp NULL DEFAULT NULL,
  PRIMARY KEY (`id`)
) ENGINE=InnoDB AUTO_INCREMENT=2 DEFAULT CHARSET=utf8mb4 COLLATE=utf8mb4_unicode_ci;
/*!40101 SET character_set_client = @saved_cs_client */;

--
-- Dumping data for table `promos`
--

LOCK TABLES `promos` WRITE;
/*!40000 ALTER TABLE `promos` DISABLE KEYS */;
INSERT INTO `promos` VALUES (1,'2019','2018-05-30 08:08:58','2018-05-30 08:08:58');
/*!40000 ALTER TABLE `promos` ENABLE KEYS */;
UNLOCK TABLES;

--
-- Table structure for table `students`
--

DROP TABLE IF EXISTS `students`;
/*!40101 SET @saved_cs_client     = @@character_set_client */;
/*!40101 SET character_set_client = utf8 */;
CREATE TABLE `students` (
  `id` int(10) unsigned NOT NULL AUTO_INCREMENT,
  `first_name` varchar(255) COLLATE utf8mb4_unicode_ci NOT NULL,
  `last_name` varchar(255) COLLATE utf8mb4_unicode_ci NOT NULL,
  `promo_id` int(10) unsigned NOT NULL,
  `created_at` timestamp NULL DEFAULT NULL,
  `updated_at` timestamp NULL DEFAULT NULL,
  PRIMARY KEY (`id`),
  KEY `students_promo_id_foreign` (`promo_id`),
  CONSTRAINT `students_promo_id_foreign` FOREIGN KEY (`promo_id`) REFERENCES `promos` (`id`) ON DELETE CASCADE
) ENGINE=InnoDB AUTO_INCREMENT=66 DEFAULT CHARSET=utf8mb4 COLLATE=utf8mb4_unicode_ci;
/*!40101 SET character_set_client = @saved_cs_client */;

--
-- Dumping data for table `students`
--

LOCK TABLES `students` WRITE;
/*!40000 ALTER TABLE `students` DISABLE KEYS */;
INSERT INTO `students` VALUES (16,'alfoussein\r','doucoure',1,'2018-05-31 16:46:11','2018-05-31 16:46:11'),(18,'anas\r','belbaz',1,'2018-05-31 16:46:11','2018-05-31 16:46:11'),(19,'andry-michael\r','johnson',1,'2018-05-31 16:46:11','2018-05-31 16:46:11'),(20,'antonin\r','rieux',1,'2018-05-31 16:46:11','2018-05-31 16:46:11'),(21,'arnaud\r','bordack',1,'2018-05-31 16:46:11','2018-05-31 16:46:11'),(22,'badis\r','benkhelfallah',1,'2018-05-31 16:46:11','2018-05-31 16:46:11'),(23,'baptiste\r','chiocca',1,'2018-05-31 16:46:11','2018-05-31 16:46:11'),(24,'baptiste\r','dumont',1,'2018-05-31 16:46:11','2018-05-31 16:46:11'),(25,'benjamin\r','termeau',1,'2018-05-31 16:46:11','2018-05-31 16:46:11'),(26,'bilel\r','kharbouche',1,'2018-05-31 16:46:11','2018-05-31 16:46:11'),(27,'brice\r','contet',1,'2018-05-31 16:46:11','2018-05-31 16:46:11'),(28,'cassandra\r','sangkhavongs',1,'2018-05-31 16:46:11','2018-05-31 16:46:11'),(29,'christopher\r','nicolas',1,'2018-05-31 16:46:11','2018-05-31 16:46:11'),(30,'daphne\r','barres',1,'2018-05-31 16:46:11','2018-05-31 16:46:11'),(31,'djamel\r','bouhadjar',1,'2018-05-31 16:46:11','2018-05-31 16:46:11'),(32,'djarlane\r','egblomasse',1,'2018-05-31 16:46:11','2018-05-31 16:46:11'),(33,'dylan\r','luchmun',1,'2018-05-31 16:46:11','2018-05-31 16:46:11'),(34,'egor\r','khaybulov',1,'2018-05-31 16:46:11','2018-05-31 16:46:11'),(35,'elie\r','yelfouf',1,'2018-05-31 16:46:11','2018-05-31 16:46:11'),(36,'estelle\r','barna',1,'2018-05-31 16:46:11','2018-05-31 16:46:11'),(37,'estelle\r','goncalves',1,'2018-05-31 16:46:11','2018-05-31 16:46:11'),(39,'florian\r','lemyre',1,'2018-05-31 16:46:11','2018-05-31 16:46:11'),(40,'jawn\r','bekrarchouche',1,'2018-05-31 16:46:11','2018-05-31 16:46:11'),(41,'joel\r','tan',1,'2018-05-31 16:46:11','2018-05-31 16:46:11'),(42,'julien\r','hermine-bromberg',1,'2018-05-31 16:46:11','2018-05-31 16:46:11'),(44,'kevan\r','sadeghi',1,'2018-05-31 16:46:11','2018-05-31 16:46:11'),(46,'marley\r','cideron',1,'2018-05-31 16:46:11','2018-05-31 16:46:11'),(47,'mathieu\r','kermoal',1,'2018-05-31 16:46:11','2018-05-31 16:46:11'),(48,'mehdy\r','lemeurs',1,'2018-05-31 16:46:11','2018-05-31 16:46:11'),(49,'modar\r','hmedan',1,'2018-05-31 16:46:11','2018-05-31 16:46:11'),(50,'nicolas\r','evina-edimo',1,'2018-05-31 16:46:11','2018-05-31 16:46:11'),(51,'nicolas\r','havard',1,'2018-05-31 16:46:11','2018-05-31 16:46:11'),(52,'nicolas\r','kayi',1,'2018-05-31 16:46:11','2018-05-31 16:46:11'),(53,'nils\r','germain',1,'2018-05-31 16:46:11','2018-05-31 16:46:11'),(54,'quentin\r','flayac',1,'2018-05-31 16:46:11','2018-05-31 16:46:11'),(55,'rayane\r','slimani',1,'2018-05-31 16:46:11','2018-05-31 16:46:11'),(56,'richard\r','issa',1,'2018-05-31 16:46:11','2018-05-31 16:46:11'),(57,'samir\r','elasri',1,'2018-05-31 16:46:11','2018-05-31 16:46:11'),(58,'stephane1\r','ngo',1,'2018-05-31 16:46:11','2018-05-31 16:46:11'),(59,'theo\r','benmoussa',1,'2018-05-31 16:46:11','2018-05-31 16:46:11'),(60,'tio\r','gobin',1,'2018-05-31 16:46:11','2018-05-31 16:46:11'),(61,'vincent','duchesnay',1,'2018-05-31 16:46:11','2018-05-31 16:46:11'),(63,'amine','hadef',1,'2018-06-04 11:05:11','2018-06-04 11:05:11'),(64,'juliette\r','de-la-chatre',1,'2018-06-04 11:06:15','2018-06-04 11:06:15'),(65,'kevin','haboub',1,'2018-06-04 11:06:15','2018-06-04 11:06:15');
/*!40000 ALTER TABLE `students` ENABLE KEYS */;
UNLOCK TABLES;

--
-- Table structure for table `users`
--

DROP TABLE IF EXISTS `users`;
/*!40101 SET @saved_cs_client     = @@character_set_client */;
/*!40101 SET character_set_client = utf8 */;
CREATE TABLE `users` (
  `id` int(10) unsigned NOT NULL AUTO_INCREMENT,
  `name` varchar(255) COLLATE utf8mb4_unicode_ci NOT NULL,
  `email` varchar(255) COLLATE utf8mb4_unicode_ci NOT NULL,
  `password` varchar(255) COLLATE utf8mb4_unicode_ci NOT NULL,
  `remember_token` varchar(100) COLLATE utf8mb4_unicode_ci DEFAULT NULL,
  `created_at` timestamp NULL DEFAULT NULL,
  `updated_at` timestamp NULL DEFAULT NULL,
  PRIMARY KEY (`id`),
  UNIQUE KEY `users_email_unique` (`email`)
) ENGINE=InnoDB AUTO_INCREMENT=2 DEFAULT CHARSET=utf8mb4 COLLATE=utf8mb4_unicode_ci;
/*!40101 SET character_set_client = @saved_cs_client */;

--
-- Dumping data for table `users`
--

LOCK TABLES `users` WRITE;
/*!40000 ALTER TABLE `users` DISABLE KEYS */;
INSERT INTO `users` VALUES (1,'Kevan Sadeghi','ksadeghi27@gmail.com','$2y$10$3nVPyi7wJdunvD6P9dFDKOts9P/NkBstnuVaffkG9cQiBXZ4P7ESi','6XP4Gft2uavrhDlrMnOqeex4Tl6aLN8VcbIU3kRxTfe7yYXsWt1IuIHcssmf','2018-05-30 08:08:19','2018-05-30 08:08:19');
/*!40000 ALTER TABLE `users` ENABLE KEYS */;
UNLOCK TABLES;
/*!40103 SET TIME_ZONE=@OLD_TIME_ZONE */;

/*!40101 SET SQL_MODE=@OLD_SQL_MODE */;
/*!40014 SET FOREIGN_KEY_CHECKS=@OLD_FOREIGN_KEY_CHECKS */;
/*!40014 SET UNIQUE_CHECKS=@OLD_UNIQUE_CHECKS */;
/*!40101 SET CHARACTER_SET_CLIENT=@OLD_CHARACTER_SET_CLIENT */;
/*!40101 SET CHARACTER_SET_RESULTS=@OLD_CHARACTER_SET_RESULTS */;
/*!40101 SET COLLATION_CONNECTION=@OLD_COLLATION_CONNECTION */;
/*!40111 SET SQL_NOTES=@OLD_SQL_NOTES */;

-- Dump completed on 2018-06-04 11:09:23
